,id_venta,id_det,size,cantidad,fecha,precio
0,3,13,10,1.0,9/27/2021,350
1,4,14,M,1.0,9/27/2021,350
2,5,15,14,1.0,9/27/2021,350
3,6,15,14,1.0,9/27/2021,350
4,7,15,14,1.0,9/27/2021,350
5,8,16,6,1.0,9/27/2021,350
6,9,17,8,1.0,9/27/2021,350
7,10,18,12,1.0,9/27/2021,350
8,11,18,12,1.0,9/27/2021,350
9,12,13,10,1.0,9/27/2021,350
10,13,15,14,1.0,9/27/2021,350
11,14,13,10,1.0,9/27/2021,350
12,15,19,XL,1.0,9/27/2021,350
13,16,17,8,1.0,9/27/2021,350
14,17,20,S,1.0,9/27/2021,350
15,18,17,8,1.0,9/27/2021,350
16,19,18,12,1.0,9/27/2021,350
17,20,21,16,1.0,9/27/2021,350
18,21,21,16,1.0,9/27/2021,350
19,20,20,S,1.0,9/27/2021,350
20,21,20,S,1.0,9/27/2021,350
21,22,19,XL,1.0,9/27/2021,350
22,23,21,16,1.0,9/27/2021,350
23,24,15,14,1.0,9/27/2021,350
24,25,15,14,1.0,9/27/2021,350
25,26,21,16,1.0,9/27/2021,350
26,27,15,14,1.0,9/27/2021,350
27,28,15,14,1.0,9/27/2021,350
28,29,21,16,1.0,9/27/2021,350
29,30,18,12,1.0,9/27/2021,350
30,31,15,14,1.0,9/27/2021,350
31,32,22,L,1.0,9/27/2021,350
32,33,15,14,1.0,9/27/2021,350
33,34,17,8,1.0,9/30/2021,350
34,35,13,10,1.0,9/30/2021,350
35,36,13,10,1.0,9/30/2021,350
36,37,13,10,1.0,9/30/2021,350
37,35,18,12,1.0,9/30/2021,350
38,36,18,12,1.0,9/30/2021,350
39,37,18,12,1.0,9/30/2021,350
40,35,20,S,1.0,9/30/2021,350
41,36,20,S,1.0,9/30/2021,350
42,37,20,S,1.0,9/30/2021,350
43,38,16,6,1.0,9/30/2021,350
44,39,17,8,1.0,9/30/2021,350
45,40,17,8,2.0,9/30/2021,350
46,41,13,10,1.0,9/22/2021,350
47,42,18,12,1.0,9/22/2021,350
48,43,21,16,2.0,9/22/2021,350
49,44,23,4,1.0,9/30/2021,350
50,45,16,6,1.0,9/30/2021,350
51,46,17,8,1.0,9/30/2021,350
52,47,18,12,1.0,9/22/2021,350
53,48,20,S,1.0,9/30/2021,350
54,49,16,6,1.0,9/30/2021,350
55,50,16,6,2.0,9/22/2021,350
56,51,17,8,1.0,9/30/2021,350
57,52,17,8,1.0,9/30/2021,350
58,53,17,8,1.0,9/30/2021,350
59,54,17,8,1.0,9/30/2021,350
60,55,15,14,1.0,9/22/2021,350
61,56,21,16,1.0,9/30/2021,350
62,57,16,6,1.0,9/30/2021,350
63,58,13,10,1.0,9/30/2021,350
64,59,18,12,1.0,9/30/2021,350
65,60,15,14,1.0,9/22/2021,350
66,61,17,8,1.0,9/22/2021,350
67,62,17,8,1.0,9/22/2021,350
68,63,13,10,1.0,9/22/2021,350
69,64,21,16,1.0,9/30/2021,350
70,65,21,16,2.0,9/22/2021,350
71,66,14,M,1.0,9/22/2021,350
72,69,14,M,1.0,9/22/2021,350
73,66,20,S,1.0,9/22/2021,350
74,69,20,S,1.0,9/22/2021,350
75,67,14,M,1.0,9/22/2021,350
76,68,14,M,2.0,9/22/2021,350
77,70,17,8,1.0,9/22/2021,350
78,71,17,8,1.0,9/22/2021,350
79,70,18,12,1.0,9/22/2021,350
80,71,18,12,1.0,9/22/2021,350
81,72,18,12,1.0,9/30/2021,350
82,73,15,14,1.0,9/30/2021,350
83,74,21,16,1.0,9/30/2021,350
84,75,13,10,1.0,9/30/2021,350
85,76,17,8,1.0,9/30/2021,350
86,77,22,L,1.0,9/30/2021,350
87,78,14,M,1.0,9/30/2021,350
88,79,20,S,1.0,9/30/2021,350
89,80,20,S,1.0,9/30/2021,350
90,81,23,4,1.0,9/30/2021,350
91,82,13,10,1.0,9/30/2021,350
92,83,21,16,1.0,9/30/2021,350
93,86,21,16,1.0,9/30/2021,350
94,83,20,S,1.0,9/30/2021,350
95,86,20,S,1.0,9/30/2021,350
96,84,21,16,1.0,9/30/2021,350
97,85,21,16,1.0,9/30/2021,350
98,87,20,S,1.0,9/30/2021,350
99,88,16,6,1.0,9/30/2021,350
100,89,17,8,1.0,9/22/2021,350
101,90,17,8,1.0,9/30/2021,350
102,91,15,14,1.0,9/30/2021,350
103,92,21,16,1.0,9/30/2021,350
104,93,16,6,1.0,9/22/2021,350
105,94,16,6,1.0,9/30/2021,350
106,95,17,8,1.0,9/30/2021,350
107,96,13,10,1.0,9/30/2021,350
108,97,13,10,1.0,9/30/2021,350
109,98,13,10,1.0,9/30/2021,350
110,99,18,12,1.0,9/30/2021,350
111,100,15,14,1.0,9/30/2021,350
112,101,21,16,1.0,9/30/2021,350
113,102,13,10,1.0,9/22/2021,350
114,103,13,10,1.0,9/22/2021,350
115,104,13,10,1.0,9/30/2021,350
116,105,18,12,1.0,9/30/2021,350
117,106,18,12,1.0,9/30/2021,350
118,107,15,14,1.0,9/30/2021,350
119,108,21,16,1.0,9/22/2021,350
120,109,14,M,1.0,9/30/2021,350
121,110,16,6,1.0,9/22/2021,350
122,111,17,8,1.0,9/30/2021,350
123,112,13,10,1.0,9/22/2021,350
124,113,13,10,1.0,9/30/2021,350
125,114,18,12,1.0,9/22/2021,350
126,115,18,12,1.0,9/30/2021,350
127,116,15,14,1.0,9/22/2021,350
128,117,15,14,1.0,9/22/2021,350
129,118,21,16,1.0,9/30/2021,350
130,119,13,10,1.0,9/30/2021,350
131,120,18,12,1.0,9/30/2021,350
132,122,18,12,1.0,9/30/2021,350
133,120,20,S,1.0,9/30/2021,350
134,122,20,S,1.0,9/30/2021,350
135,121,21,16,1.0,9/30/2021,350
136,123,17,8,1.0,9/30/2021,350
137,124,13,10,1.0,9/30/2021,350
138,125,15,14,1.0,9/22/2021,350
139,126,21,16,1.0,9/30/2021,350
140,127,21,16,1.0,9/30/2021,350
141,128,18,12,1.0,9/30/2021,350
142,129,22,L,1.0,9/22/2021,350
143,130,17,8,1.0,9/30/2021,350
144,131,18,12,1.0,9/30/2021,350
145,132,18,12,1.0,9/30/2021,350
146,133,15,14,1.0,9/30/2021,350
147,134,17,8,1.0,9/30/2021,350
148,135,18,12,1.0,9/30/2021,350
149,137,18,12,1.0,9/30/2021,350
150,135,15,14,1.0,9/30/2021,350
151,137,15,14,1.0,9/30/2021,350
152,136,18,12,2.0,9/22/2021,350
153,138,15,14,1.0,9/30/2021,350
154,139,14,M,2.0,9/30/2021,350
155,140,17,8,1.0,9/30/2021,350
156,141,17,8,1.0,9/30/2021,350
157,142,18,12,1.0,9/30/2021,350
158,143,18,12,1.0,9/30/2021,350
159,144,20,S,1.0,9/30/2021,350
160,145,13,10,1.0,9/22/2021,350
161,149,13,10,1.0,9/22/2021,350
162,145,15,14,1.0,9/22/2021,350
163,149,15,14,1.0,9/22/2021,350
164,146,13,10,1.0,9/30/2021,350
165,147,18,12,1.0,9/30/2021,350
166,148,18,12,1.0,9/30/2021,350
167,150,15,14,1.0,9/30/2021,350
168,151,15,14,1.0,9/30/2021,350
169,152,14,M,1.0,9/22/2021,350
170,153,14,M,1.0,9/30/2021,350
171,154,15,14,1.0,9/30/2021,350
172,155,15,14,1.0,9/30/2021,350
173,156,21,16,1.0,9/30/2021,350
174,157,22,L,1.0,9/30/2021,350
175,158,22,L,1.0,9/30/2021,350
176,161,22,L,1.0,9/30/2021,350
177,158,20,S,1.0,9/30/2021,350
178,161,20,S,1.0,9/30/2021,350
179,159,22,L,1.0,9/30/2021,350
180,160,14,M,2.0,9/30/2021,350
181,162,20,S,1.0,9/30/2021,350
182,163,13,10,1.0,9/30/2021,350
183,164,18,12,1.0,9/22/2021,350
184,165,18,12,1.0,9/30/2021,350
185,169,18,12,1.0,9/30/2021,350
186,173,18,12,1.0,9/30/2021,350
187,165,15,14,1.0,9/30/2021,350
188,169,15,14,1.0,9/30/2021,350
189,173,15,14,1.0,9/30/2021,350
190,165,20,S,1.0,9/30/2021,350
191,169,20,S,1.0,9/30/2021,350
192,173,20,S,1.0,9/30/2021,350
193,166,18,12,1.0,9/30/2021,350
194,167,18,12,1.0,9/30/2021,350
195,168,15,14,1.0,9/22/2021,350
196,170,21,16,1.0,9/30/2021,350
197,171,21,16,1.0,9/30/2021,350
198,172,22,L,1.0,9/30/2021,350
199,174,18,12,1.0,9/22/2021,350
200,175,21,16,1.0,9/30/2021,350
201,176,16,6,1.0,9/22/2021,350
202,177,16,6,1.0,9/30/2021,350
203,178,16,6,1.0,9/30/2021,350
204,179,17,8,1.0,9/22/2021,350
205,180,23,4,1.0,9/30/2021,350
206,181,17,8,1.0,9/22/2021,350
207,182,17,8,1.0,9/30/2021,350
208,183,15,14,1.0,9/22/2021,350
209,184,15,14,1.0,9/30/2021,350
210,185,21,16,1.0,9/30/2021,350
211,186,14,M,1.0,9/30/2021,350
212,187,14,M,1.0,9/30/2021,350
213,188,15,14,1.0,9/30/2021,350
214,189,21,16,1.0,9/30/2021,350
215,190,18,12,1.0,9/30/2021,350
216,191,21,16,2.0,9/30/2021,350
217,192,20,S,1.0,9/22/2021,350
218,193,13,10,1.0,9/22/2021,350
219,194,21,16,1.0,9/22/2021,350
220,195,21,16,1.0,9/22/2021,350
221,196,22,L,1.0,9/22/2021,350
222,197,22,L,1.0,9/30/2021,350
223,198,20,S,1.0,9/22/2021,350
224,199,18,12,1.0,9/22/2021,350
225,200,14,M,1.0,9/30/2021,350
226,201,20,S,1.0,9/22/2021,350
227,202,20,S,1.0,9/22/2021,350
228,203,15,14,2.0,9/30/2021,350
229,204,15,14,1.0,9/22/2021,350
230,205,15,14,1.0,9/22/2021,350
231,206,21,16,1.0,9/22/2021,350
232,207,19,XL,1.0,9/22/2021,350
233,208,22,L,1.0,9/30/2021,350
234,209,17,8,1.0,10/4/2021,350
235,210,17,8,1.0,10/4/2021,350
236,211,13,10,1.0,10/4/2021,350
237,212,17,8,1.0,10/4/2021,350
238,213,21,16,1.0,10/4/2021,350
239,214,13,10,1.0,10/4/2021,350
240,215,13,10,1.0,10/4/2021,350
241,216,13,10,1.0,10/4/2021,350
242,217,18,12,1.0,10/4/2021,350
243,218,21,16,1.0,10/4/2021,350
244,219,23,4,1.0,10/4/2021,350
245,220,18,12,1.0,10/4/2021,350
246,221,15,14,1.0,10/4/2021,350
247,222,21,16,1.0,10/4/2021,350
248,223,18,12,1.0,10/4/2021,350
249,224,15,14,1.0,10/4/2021,350
250,225,21,16,1.0,10/4/2021,350
251,226,16,6,1.0,10/4/2021,350
252,227,17,8,1.0,10/4/2021,350
253,228,17,8,1.0,10/4/2021,350
254,229,13,10,1.0,10/4/2021,350
255,230,17,8,1.0,10/4/2021,350
256,231,13,10,1.0,10/4/2021,350
257,232,17,8,1.0,10/4/2021,350
258,233,13,10,1.0,10/4/2021,350
259,234,21,16,1.0,10/4/2021,350
260,235,16,6,1.0,10/4/2021,350
261,236,13,10,1.0,10/4/2021,350
262,237,18,12,1.0,10/4/2021,350
263,238,20,S,1.0,10/4/2021,350
264,239,17,8,1.0,10/4/2021,350
265,240,18,12,1.0,10/4/2021,350
266,241,15,14,1.0,10/4/2021,350
267,242,21,16,1.0,10/4/2021,350
268,243,21,16,1.0,10/4/2021,350
269,244,13,10,1.0,10/4/2021,350
270,245,17,8,1.0,10/4/2021,350
271,246,13,10,1.0,10/4/2021,350
272,247,13,10,1.0,10/4/2021,350
273,248,13,10,1.0,10/4/2021,350
274,249,18,12,1.0,10/4/2021,350
275,250,18,12,1.0,10/4/2021,350
276,251,22,L,1.0,10/4/2021,350
277,252,15,14,2.0,10/4/2021,350
278,253,18,12,1.0,10/4/2021,350
279,254,18,12,1.0,10/4/2021,350
280,255,17,8,1.0,10/4/2021,350
281,256,15,14,1.0,10/4/2021,350
282,257,21,16,1.0,10/4/2021,350
283,258,20,S,1.0,10/4/2021,350
284,259,20,S,1.0,10/4/2021,350
285,260,21,16,1.0,10/4/2021,350
286,261,16,6,1.0,10/7/2021,350
287,262,16,6,1.0,10/7/2021,350
288,263,16,6,1.0,10/7/2021,350
289,264,16,6,1.0,10/7/2021,350
290,265,16,6,1.0,10/7/2021,350
291,266,16,6,1.0,10/7/2021,350
292,267,17,8,1.0,10/7/2021,350
293,268,17,8,1.0,10/7/2021,350
294,269,17,8,1.0,10/7/2021,350
295,270,16,6,1.0,10/7/2021,350
296,271,16,6,1.0,10/7/2021,350
297,272,16,6,1.0,10/7/2021,350
298,273,16,6,1.0,10/7/2021,350
299,274,17,8,1.0,10/7/2021,350
300,275,17,8,1.0,10/7/2021,350
301,276,17,8,1.0,10/7/2021,350
302,277,17,8,1.0,10/7/2021,350
303,278,17,8,1.0,10/7/2021,350
304,279,17,8,1.0,10/7/2021,350
305,280,16,6,1.0,10/7/2021,350
306,281,16,6,1.0,10/7/2021,350
307,282,16,6,1.0,10/7/2021,350
308,283,16,6,1.0,10/7/2021,350
309,284,16,6,1.0,10/7/2021,350
310,285,16,6,1.0,10/7/2021,350
311,286,17,8,1.0,10/7/2021,350
312,287,17,8,1.0,10/7/2021,350
313,288,17,8,1.0,10/7/2021,350
314,289,21,16,1.0,10/7/2021,350
315,290,16,6,1.0,10/7/2021,350
316,291,16,6,1.0,10/7/2021,350
317,292,16,6,1.0,10/7/2021,350
318,293,17,8,1.0,10/7/2021,350
319,294,17,8,1.0,10/7/2021,350
320,295,17,8,1.0,10/7/2021,350
321,296,17,8,1.0,10/7/2021,350
322,297,17,8,1.0,10/7/2021,350
323,298,17,8,1.0,10/7/2021,350
324,299,13,10,1.0,10/7/2021,350
325,300,13,10,1.0,10/7/2021,350
326,301,13,10,1.0,10/7/2021,350
327,302,13,10,1.0,10/7/2021,350
328,303,13,10,1.0,10/7/2021,350
329,304,18,12,1.0,10/7/2021,350
330,305,18,12,1.0,10/7/2021,350
331,306,18,12,1.0,10/7/2021,350
332,307,17,8,1.0,10/7/2021,350
333,308,17,8,1.0,10/7/2021,350
334,309,17,8,1.0,10/7/2021,350
335,310,17,8,1.0,10/7/2021,350
336,311,17,8,1.0,10/7/2021,350
337,312,17,8,1.0,10/7/2021,350
338,313,21,16,1.0,10/7/2021,350
339,314,14,M,1.0,10/7/2021,350
340,315,17,8,1.0,10/7/2021,350
341,316,13,10,1.0,10/7/2021,350
342,317,13,10,1.0,10/7/2021,350
343,318,13,10,1.0,10/7/2021,350
344,319,13,10,1.0,10/7/2021,350
345,320,18,12,1.0,10/7/2021,350
346,321,15,14,1.0,10/7/2021,350
347,322,17,8,1.0,10/7/2021,350
348,323,17,8,1.0,10/7/2021,350
349,324,17,8,1.0,10/7/2021,350
350,325,13,10,1.0,10/7/2021,350
351,326,18,12,1.0,10/7/2021,350
352,327,18,12,1.0,10/7/2021,350
353,328,21,16,1.0,10/7/2021,350
354,329,16,6,1.0,10/7/2021,350
355,330,13,10,1.0,10/7/2021,350
356,331,13,10,1.0,10/7/2021,350
357,332,13,10,1.0,10/7/2021,350
358,333,13,10,1.0,10/7/2021,350
359,334,13,10,1.0,10/7/2021,350
360,335,15,14,1.0,10/7/2021,350
361,336,15,14,1.0,10/7/2021,350
362,337,15,14,1.0,10/7/2021,350
363,338,17,8,1.0,10/7/2021,350
364,339,17,8,1.0,10/7/2021,350
365,340,13,10,1.0,10/7/2021,350
366,341,13,10,1.0,10/7/2021,350
367,342,21,16,1.0,10/7/2021,350
368,343,21,16,1.0,10/7/2021,350
369,344,18,12,1.0,10/7/2021,350
370,345,18,12,1.0,10/7/2021,350
371,346,18,12,1.0,10/7/2021,350
372,347,18,12,1.0,10/7/2021,350
373,348,18,12,1.0,10/7/2021,350
374,349,18,12,1.0,10/7/2021,350
375,350,15,14,1.0,10/7/2021,350
376,351,15,14,1.0,10/7/2021,350
377,352,13,10,1.0,10/7/2021,350
378,353,18,12,1.0,10/7/2021,350
379,354,18,12,1.0,10/7/2021,350
380,355,23,4,1.0,10/7/2021,350
381,356,23,4,1.0,10/7/2021,350
382,357,16,6,1.0,10/7/2021,350
383,358,16,6,1.0,10/7/2021,350
384,359,16,6,1.0,10/7/2021,350
385,360,16,6,1.0,10/7/2021,350
386,361,13,10,1.0,10/8/2021,350
387,362,13,10,1.0,10/8/2021,350
388,363,16,6,1.0,10/8/2021,350
389,364,17,8,1.0,10/8/2021,350
390,365,16,6,1.0,10/8/2021,350
391,366,13,10,1.0,10/8/2021,350
392,367,16,6,1.0,10/8/2021,350
393,368,18,12,1.0,10/8/2021,350
394,369,13,10,1.0,10/8/2021,350
395,370,21,16,1.0,10/8/2021,350
396,371,17,8,1.0,10/8/2021,350
397,372,17,8,1.0,10/8/2021,350
398,373,15,14,1.0,10/8/2021,350
399,374,18,12,1.0,10/8/2021,350
400,375,18,12,1.0,10/8/2021,350
401,376,18,12,1.0,10/8/2021,350
402,377,13,10,1.0,10/8/2021,350
403,378,13,10,1.0,10/8/2021,350
404,379,18,12,1.0,10/8/2021,350
405,380,23,4,1.0,10/8/2021,350
406,381,16,6,1.0,10/8/2021,350
407,382,21,16,1.0,10/8/2021,350
408,383,15,14,1.0,10/8/2021,350
409,384,15,14,1.0,10/8/2021,350
410,385,18,12,1.0,10/8/2021,350
411,386,15,14,1.0,10/8/2021,350
412,387,15,14,1.0,10/8/2021,350
413,388,21,16,1.0,10/8/2021,350
414,389,18,12,1.0,10/8/2021,350
415,390,15,14,1.0,10/8/2021,350
416,391,20,S,1.0,10/8/2021,350
417,392,15,14,1.0,10/8/2021,350
418,393,21,16,1.0,10/8/2021,350
419,394,15,14,1.0,10/8/2021,350
420,395,21,16,1.0,10/8/2021,350
421,396,20,S,1.0,10/8/2021,350
422,397,21,16,1.0,10/8/2021,350
423,398,21,16,1.0,10/8/2021,350
424,399,14,M,1.0,10/8/2021,350
425,400,20,S,1.0,10/8/2021,350
426,401,20,S,1.0,10/8/2021,350
427,402,20,S,1.0,10/8/2021,350
428,403,20,S,1.0,10/8/2021,350
429,404,17,8,1.0,10/8/2021,350
430,406,17,8,1.0,10/8/2021,350
431,404,21,16,1.0,10/8/2021,350
432,406,21,16,1.0,10/8/2021,350
433,405,15,14,1.0,10/8/2021,350
434,407,21,16,1.0,10/8/2021,350
435,408,21,16,1.0,10/8/2021,350
436,409,21,16,1.0,10/8/2021,350
437,410,21,16,1.0,10/8/2021,350
438,411,15,14,1.0,10/8/2021,350
439,412,21,16,1.0,10/8/2021,350
440,413,19,XL,1.0,10/8/2021,350
441,414,15,14,1.0,10/8/2021,350
442,415,20,S,1.0,10/8/2021,350
443,416,23,4,1.0,10/8/2021,350
444,417,17,8,1.0,10/8/2021,350
445,418,16,6,1.0,10/8/2021,350
446,419,16,6,1.0,10/8/2021,350
447,420,16,6,1.0,10/8/2021,350
448,421,13,10,1.0,10/8/2021,350
449,422,18,12,1.0,10/8/2021,350
450,423,18,12,1.0,10/8/2021,350
451,424,15,14,1.0,10/8/2021,350
452,425,13,10,1.0,10/8/2021,350
453,426,13,10,1.0,10/8/2021,350
454,427,21,16,1.0,10/8/2021,350
455,428,13,10,1.0,10/8/2021,350
456,429,15,14,1.0,10/8/2021,350
457,430,21,16,1.0,10/8/2021,350
458,431,16,6,1.0,10/8/2021,350
459,432,18,12,1.0,10/8/2021,350
460,433,18,12,1.0,10/8/2021,350
461,434,15,14,1.0,10/8/2021,350
462,435,18,12,1.0,10/8/2021,350
463,436,20,S,1.0,10/8/2021,350
464,437,15,14,1.0,10/8/2021,350
465,438,20,S,1.0,10/8/2021,350
466,439,20,S,1.0,10/8/2021,350
467,440,20,S,1.0,10/8/2021,350
468,441,15,14,1.0,10/8/2021,350
469,442,22,L,1.0,10/8/2021,350
470,443,20,S,1.0,10/8/2021,350
471,444,13,10,1.0,10/8/2021,350
472,445,13,10,1.0,10/8/2021,350
473,446,20,S,1.0,10/8/2021,350
474,447,20,S,1.0,10/8/2021,350
475,448,20,S,1.0,10/8/2021,350
476,449,13,10,1.0,10/8/2021,350
477,450,21,16,1.0,10/8/2021,350
478,451,21,16,1.0,10/8/2021,350
479,452,21,16,2.0,10/8/2021,350
480,453,20,S,1.0,10/8/2021,350
481,454,16,6,1.0,10/8/2021,350
482,455,18,12,1.0,10/8/2021,350
483,456,21,16,1.0,10/8/2021,350
484,457,13,10,1.0,10/8/2021,350
485,458,18,12,1.0,10/8/2021,350
486,459,15,14,1.0,10/8/2021,350
487,460,15,14,1.0,10/8/2021,350
488,461,20,S,1.0,10/8/2021,350
489,462,21,16,1.0,10/8/2021,350
490,463,14,M,1.0,10/8/2021,350
491,464,22,L,1.0,10/8/2021,350
492,465,13,10,1.0,10/8/2021,350
493,466,13,10,1.0,10/8/2021,350
494,465,18,12,1.0,10/8/2021,350
495,466,18,12,1.0,10/8/2021,350
496,467,22,L,1.0,10/8/2021,350
497,468,16,6,1.0,10/8/2021,350
498,469,16,6,1.0,10/8/2021,350
499,468,21,16,1.0,10/8/2021,350
500,469,21,16,1.0,10/8/2021,350
501,470,21,16,1.0,10/8/2021,350
502,471,21,16,1.0,10/8/2021,350
503,472,21,16,1.0,10/8/2021,350
504,473,22,L,1.0,10/8/2021,350
505,474,21,16,1.0,10/8/2021,350
506,475,16,6,1.0,10/8/2021,350
507,476,13,10,1.0,10/8/2021,350
508,478,13,10,1.0,10/8/2021,350
509,476,21,16,1.0,10/8/2021,350
510,478,21,16,1.0,10/8/2021,350
511,477,21,16,1.0,10/8/2021,350
512,479,14,M,2.0,10/8/2021,350
513,480,18,12,1.0,10/8/2021,350
514,481,18,12,1.0,10/8/2021,350
515,480,21,16,1.0,10/8/2021,350
516,481,21,16,1.0,10/8/2021,350
517,482,21,16,1.0,10/8/2021,350
518,483,14,M,1.0,10/8/2021,350
519,484,20,S,1.0,10/8/2021,350
520,485,22,L,1.0,10/8/2021,350
521,486,16,6,1.0,10/8/2021,350
522,487,16,6,1.0,10/8/2021,350
523,486,14,M,1.0,10/8/2021,350
524,487,14,M,1.0,10/8/2021,350
525,488,18,12,1.0,10/8/2021,350
526,489,15,14,1.0,10/8/2021,350
527,490,22,L,1.0,10/8/2021,350
528,491,22,L,1.0,10/8/2021,350
529,492,22,L,1.0,10/8/2021,350
530,493,22,L,1.0,10/8/2021,350
531,494,14,M,1.0,10/8/2021,350
532,495,21,16,1.0,10/8/2021,350
533,496,18,12,1.0,10/8/2021,350
534,497,20,S,1.0,10/8/2021,350
535,498,21,16,1.0,10/8/2021,350
536,499,20,S,1.0,10/8/2021,350
537,500,14,M,2.0,10/8/2021,350
538,501,14,M,1.0,10/8/2021,350
539,502,17,8,1.0,10/8/2021,350
540,503,17,8,1.0,10/8/2021,350
541,504,16,6,1.0,10/8/2021,350
542,505,16,6,1.0,10/10/2021,350
543,506,16,6,1.0,10/8/2021,350
544,507,17,8,1.0,10/8/2021,350
545,508,17,8,1.0,10/8/2021,350
546,509,17,8,1.0,10/10/2021,350
547,510,23,4,1.0,10/8/2021,350
548,511,16,6,1.0,10/10/2021,350
549,512,17,8,1.0,10/8/2021,350
550,513,17,8,1.0,10/8/2021,350
551,514,13,10,1.0,10/8/2021,350
552,515,13,10,1.0,10/8/2021,350
553,516,16,6,1.0,10/8/2021,350
554,517,16,6,1.0,10/8/2021,350
555,518,16,6,1.0,10/8/2021,350
556,519,17,8,1.0,10/8/2021,350
557,520,17,8,1.0,10/10/2021,350
558,521,18,12,1.0,10/8/2021,350
559,522,18,12,1.0,10/8/2021,350
560,523,18,12,1.0,10/8/2021,350
561,524,16,6,1.0,10/10/2021,350
562,525,17,8,1.0,10/8/2021,350
563,526,17,8,1.0,10/8/2021,350
564,527,17,8,1.0,10/8/2021,350
565,528,17,8,1.0,10/8/2021,350
566,529,18,12,1.0,10/8/2021,350
567,530,16,6,1.0,10/8/2021,350
568,531,16,6,1.0,10/8/2021,350
569,532,16,6,1.0,10/8/2021,350
570,533,16,6,1.0,10/8/2021,350
571,534,17,8,1.0,10/8/2021,350
572,535,17,8,1.0,10/8/2021,350
573,536,17,8,1.0,10/8/2021,350
574,537,13,10,1.0,10/8/2021,350
575,538,18,12,1.0,10/8/2021,350
576,539,15,14,1.0,10/8/2021,350
577,540,13,10,1.0,10/8/2021,350
578,541,13,10,1.0,10/8/2021,350
579,542,13,10,1.0,10/8/2021,350
580,543,17,8,1.0,10/10/2021,350
581,544,16,6,1.0,10/10/2021,350
582,545,16,6,1.0,10/8/2021,350
583,546,16,6,1.0,10/8/2021,350
584,547,17,8,1.0,10/8/2021,350
585,548,17,8,1.0,10/8/2021,350
586,549,17,8,1.0,10/8/2021,350
587,550,13,10,1.0,10/8/2021,350
588,551,18,12,1.0,10/8/2021,350
589,552,18,12,1.0,10/8/2021,350
590,553,18,12,1.0,10/8/2021,350
591,554,18,12,1.0,10/10/2021,350
592,555,17,8,1.0,10/8/2021,350
593,556,17,8,1.0,10/10/2021,350
594,557,13,10,1.0,10/8/2021,350
595,558,13,10,1.0,10/10/2021,350
596,559,18,12,1.0,10/10/2021,350
597,560,17,8,1.0,10/8/2021,350
598,561,13,10,1.0,10/10/2021,350
599,562,13,10,1.0,10/8/2021,350
600,563,16,6,1.0,10/10/2021,350
601,564,17,8,1.0,10/10/2021,350
602,565,13,10,1.0,10/10/2021,350
603,566,17,8,1.0,10/8/2021,350
604,567,17,8,1.0,10/8/2021,350
605,568,17,8,1.0,10/8/2021,350
606,569,17,8,1.0,10/8/2021,350
607,570,17,8,1.0,10/8/2021,350
608,571,17,8,1.0,10/8/2021,350
609,572,17,8,1.0,10/8/2021,350
610,573,13,10,1.0,10/8/2021,350
611,574,13,10,1.0,10/8/2021,350
612,575,13,10,1.0,10/8/2021,350
613,576,18,12,1.0,10/8/2021,350
614,577,20,S,1.0,10/8/2021,350
615,578,17,8,1.0,10/8/2021,350
616,579,17,8,1.0,10/8/2021,350
617,580,18,12,1.0,10/8/2021,350
618,581,20,S,1.0,10/8/2021,350
619,582,18,12,1.0,10/8/2021,350
620,583,13,10,1.0,10/8/2021,350
621,584,18,12,1.0,10/8/2021,350
622,585,18,12,1.0,10/10/2021,350
623,586,18,12,1.0,10/8/2021,350
624,587,18,12,1.0,10/8/2021,350
625,588,15,14,1.0,10/8/2021,350
626,589,15,14,1.0,10/8/2021,350
627,590,21,16,1.0,10/10/2021,350
628,591,13,10,1.0,10/10/2021,350
629,592,21,16,1.0,10/10/2021,350
630,593,17,8,1.0,10/8/2021,350
631,594,13,10,1.0,10/8/2021,350
632,595,18,12,1.0,10/8/2021,350
633,596,18,12,1.0,10/8/2021,350
634,597,18,12,1.0,10/8/2021,350
635,598,15,14,1.0,10/10/2021,350
636,599,17,8,1.0,10/10/2021,350
637,600,13,10,1.0,10/8/2021,350
638,601,13,10,1.0,10/8/2021,350
639,602,18,12,1.0,10/10/2021,350
640,603,15,14,1.0,10/8/2021,350
641,604,21,16,1.0,10/8/2021,350
642,605,18,12,1.0,10/8/2021,350
643,606,18,12,1.0,10/8/2021,350
644,607,21,16,1.0,10/8/2021,350
645,608,17,8,1.0,10/8/2021,350
646,609,13,10,1.0,10/8/2021,350
647,610,15,14,1.0,10/8/2021,350
648,611,21,16,1.0,10/10/2021,350
649,612,18,12,1.0,10/8/2021,350
650,613,21,16,1.0,10/8/2021,350
651,614,13,10,1.0,10/8/2021,350
652,615,13,10,1.0,10/10/2021,350
653,616,18,12,1.0,10/10/2021,350
654,617,20,S,1.0,10/8/2021,350
655,618,13,10,1.0,10/8/2021,350
656,619,18,12,1.0,10/8/2021,350
657,620,15,14,1.0,10/10/2021,350
658,621,15,14,1.0,10/10/2021,350
659,622,15,14,1.0,10/8/2021,350
660,623,21,16,1.0,10/8/2021,350
661,624,20,S,1.0,10/8/2021,350
662,625,18,12,1.0,10/8/2021,350
663,626,15,14,1.0,10/8/2021,350
664,627,13,10,1.0,10/8/2021,350
665,628,18,12,1.0,10/8/2021,350
666,629,15,14,1.0,10/8/2021,350
667,630,21,16,1.0,10/10/2021,350
668,631,17,8,1.0,10/8/2021,350
669,632,16,6,1.0,10/8/2021,350
670,633,16,6,1.0,10/10/2021,350
671,635,16,6,1.0,10/8/2021,350
672,636,16,6,1.0,10/8/2021,350
673,637,17,8,1.0,10/8/2021,350
674,638,17,8,1.0,10/8/2021,350
675,639,17,8,1.0,10/8/2021,350
676,640,17,8,1.0,10/8/2021,350
677,641,13,10,1.0,10/8/2021,350
678,642,13,10,1.0,10/8/2021,350
679,643,13,10,1.0,10/10/2021,350
680,644,13,10,1.0,10/10/2021,350
681,645,18,12,1.0,10/8/2021,350
682,646,18,12,1.0,10/8/2021,350
683,647,15,14,2.0,10/8/2021,350
684,648,15,14,1.0,10/8/2021,350
685,649,15,14,1.0,10/8/2021,350
686,650,15,14,1.0,10/8/2021,350
687,651,21,16,1.0,10/8/2021,350
688,652,21,16,1.0,10/8/2021,350
689,653,18,12,1.0,10/8/2021,350
690,654,18,12,1.0,10/8/2021,350
691,655,15,14,1.0,10/8/2021,350
692,656,15,14,1.0,10/8/2021,350
693,657,15,14,1.0,10/8/2021,350
694,658,15,14,1.0,10/8/2021,350
695,659,21,16,1.0,10/8/2021,350
696,660,15,14,1.0,10/8/2021,350
697,661,21,16,1.0,10/8/2021,350
698,662,21,16,1.0,10/8/2021,350
699,663,17,8,1.0,10/8/2021,350
700,664,18,12,1.0,10/8/2021,350
701,665,13,10,1.0,10/8/2021,350
702,666,18,12,1.0,10/8/2021,350
703,667,13,10,1.0,10/8/2021,350
704,668,17,8,1.0,10/8/2021,350
705,669,17,8,1.0,10/8/2021,350
706,670,13,10,1.0,10/8/2021,350
707,671,15,14,1.0,10/8/2021,350
708,672,18,12,1.0,10/8/2021,350
709,673,23,4,1.0,10/8/2021,350
710,674,16,6,1.0,10/8/2021,350
711,675,16,6,1.0,10/8/2021,350
712,676,16,6,1.0,10/12/2021,350
713,677,16,6,1.0,10/12/2021,350
714,678,16,6,1.0,10/12/2021,350
715,679,16,6,1.0,10/12/2021,350
716,680,17,8,1.0,10/12/2021,350
717,681,17,8,2.0,10/12/2021,350
718,682,17,8,1.0,10/12/2021,350
719,683,17,8,1.0,10/12/2021,350
720,684,17,8,1.0,10/12/2021,350
721,685,17,8,1.0,10/12/2021,350
722,686,21,16,1.0,10/12/2021,350
723,687,16,6,1.0,10/12/2021,350
724,688,16,6,1.0,10/12/2021,350
725,689,16,6,1.0,10/12/2021,350
726,690,18,12,1.0,10/12/2021,350
727,691,16,6,1.0,10/12/2021,350
728,692,16,6,1.0,10/12/2021,350
729,693,16,6,1.0,10/12/2021,350
730,694,16,6,1.0,10/12/2021,350
731,695,16,6,1.0,10/12/2021,350
732,696,16,6,1.0,10/12/2021,350
733,697,16,6,1.0,10/12/2021,350
734,698,17,8,1.0,10/12/2021,350
735,699,17,8,1.0,10/12/2021,350
736,700,17,8,1.0,10/12/2021,350
737,701,17,8,1.0,10/12/2021,350
738,702,17,8,1.0,10/12/2021,350
739,703,14,M,1.0,10/12/2021,350
740,704,23,4,1.0,10/12/2021,350
741,705,16,6,1.0,10/12/2021,350
742,706,16,6,1.0,10/12/2021,350
743,707,16,6,1.0,10/12/2021,350
744,708,17,8,1.0,10/12/2021,350
745,709,17,8,1.0,10/12/2021,350
746,710,17,8,1.0,10/12/2021,350
747,711,17,8,1.0,10/12/2021,350
748,712,17,8,1.0,10/12/2021,350
749,713,17,8,1.0,10/12/2021,350
750,714,17,8,1.0,10/12/2021,350
751,715,13,10,1.0,10/12/2021,350
752,716,13,10,1.0,10/12/2021,350
753,717,13,10,1.0,10/12/2021,350
754,718,13,10,1.0,10/12/2021,350
755,719,13,10,1.0,10/12/2021,350
756,723,13,10,1.0,10/12/2021,350
757,719,18,12,1.0,10/12/2021,350
758,723,18,12,1.0,10/12/2021,350
759,720,13,10,1.0,10/12/2021,350
760,721,18,12,1.0,10/12/2021,350
761,722,18,12,1.0,10/12/2021,350
762,724,18,12,1.0,10/12/2021,350
763,725,16,6,1.0,10/12/2021,350
764,726,17,8,1.0,10/12/2021,350
765,727,17,8,1.0,10/12/2021,350
766,728,15,14,1.0,10/12/2021,350
767,729,23,4,1.0,10/12/2021,350
768,730,16,6,1.0,10/12/2021,350
769,731,16,6,1.0,10/12/2021,350
770,732,16,6,1.0,10/12/2021,350
771,733,16,6,1.0,10/12/2021,350
772,734,17,8,1.0,10/12/2021,350
773,735,18,12,1.0,10/12/2021,350
774,736,15,14,1.0,10/12/2021,350
775,737,14,M,1.0,10/12/2021,350
776,738,17,8,1.0,10/12/2021,350
777,739,13,10,1.0,10/12/2021,350
778,740,13,10,1.0,10/12/2021,350
779,741,13,10,1.0,10/12/2021,350
780,742,13,10,1.0,10/12/2021,350
781,743,18,12,2.0,10/12/2021,350
782,744,17,8,1.0,10/12/2021,350
783,745,17,8,1.0,10/12/2021,350
784,746,17,8,1.0,10/12/2021,350
785,747,17,8,1.0,10/12/2021,350
786,748,13,10,1.0,10/12/2021,350
787,749,13,10,1.0,10/12/2021,350
788,750,13,10,1.0,10/12/2021,350
789,751,13,10,2.0,10/12/2021,350
790,752,13,10,1.0,10/12/2021,350
791,753,13,10,1.0,10/12/2021,350
792,754,18,12,1.0,10/12/2021,350
793,755,18,12,2.0,10/12/2021,350
794,756,15,14,1.0,10/12/2021,350
795,757,17,8,2.0,10/12/2021,350
796,758,13,10,2.0,10/12/2021,350
797,759,18,12,1.0,10/12/2021,350
798,760,18,12,1.0,10/12/2021,350
799,761,22,L,1.0,10/12/2021,350
800,762,13,10,1.0,10/12/2021,350
801,763,18,12,1.0,10/12/2021,350
802,764,18,12,1.0,10/12/2021,350
803,765,18,12,1.0,10/12/2021,350
804,766,18,12,1.0,10/12/2021,350
805,767,15,14,1.0,10/12/2021,350
806,768,15,14,2.0,10/12/2021,350
807,769,21,16,2.0,10/12/2021,350
808,770,20,S,1.0,10/12/2021,350
809,771,13,10,1.0,10/12/2021,350
810,772,18,12,1.0,10/12/2021,350
811,773,18,12,1.0,10/12/2021,350
812,774,15,14,1.0,10/12/2021,350
813,775,15,14,1.0,10/12/2021,350
814,776,15,14,1.0,10/12/2021,350
815,777,20,S,1.0,10/12/2021,350
816,778,13,10,1.0,10/12/2021,350
817,779,15,14,1.0,10/12/2021,350
818,780,17,8,1.0,10/12/2021,350
819,781,18,12,1.0,10/12/2021,350
820,782,18,12,1.0,10/12/2021,350
821,783,21,16,2.0,10/12/2021,350
822,784,22,L,1.0,10/12/2021,350
823,785,13,10,1.0,10/12/2021,350
824,786,18,12,1.0,10/12/2021,350
825,787,18,12,1.0,10/12/2021,350
826,788,20,S,1.0,10/12/2021,350
827,789,18,12,1.0,10/12/2021,350
828,790,18,12,1.0,10/12/2021,350
829,791,18,12,1.0,10/12/2021,350
830,792,15,14,1.0,10/12/2021,350
831,793,15,14,1.0,10/12/2021,350
832,794,23,4,1.0,10/12/2021,350
833,795,23,4,1.0,10/12/2021,350
834,796,23,4,1.0,10/12/2021,350
835,797,16,6,1.0,10/12/2021,350
836,798,16,6,1.0,10/12/2021,350
837,799,16,6,1.0,10/12/2021,350
838,800,16,6,1.0,10/12/2021,350
839,801,16,6,1.0,10/12/2021,350
840,802,17,8,1.0,10/12/2021,350
841,803,17,8,1.0,10/12/2021,350
842,804,13,10,1.0,10/12/2021,350
843,805,13,10,1.0,10/12/2021,350
844,806,13,10,1.0,10/12/2021,350
845,807,18,12,1.0,10/12/2021,350
846,808,14,M,1.0,10/12/2021,350
847,809,23,4,1.0,10/12/2021,350
848,810,23,4,1.0,10/12/2021,350
849,811,23,4,1.0,10/12/2021,350
850,812,16,6,1.0,10/12/2021,350
851,813,16,6,1.0,10/12/2021,350
852,814,16,6,1.0,10/12/2021,350
853,815,16,6,1.0,10/12/2021,350
854,816,16,6,1.0,10/12/2021,350
855,817,16,6,1.0,10/12/2021,350
856,818,18,12,1.0,10/12/2021,350
857,819,15,14,1.0,10/12/2021,350
858,820,16,6,1.0,10/12/2021,350
859,821,16,6,1.0,10/12/2021,350
860,822,16,6,1.0,10/12/2021,350
861,823,14,M,1.0,10/12/2021,350
862,824,16,6,1.0,10/12/2021,350
863,825,16,6,1.0,10/12/2021,350
864,826,16,6,1.0,10/12/2021,350
865,827,16,6,1.0,10/12/2021,350
866,828,17,8,1.0,10/12/2021,350
867,829,17,8,1.0,10/12/2021,350
868,830,17,8,1.0,10/12/2021,350
869,831,17,8,1.0,10/12/2021,350
870,832,17,8,1.0,10/12/2021,350
871,833,13,10,1.0,10/12/2021,350
872,834,13,10,1.0,10/12/2021,350
873,835,14,M,1.0,10/12/2021,350
874,836,17,8,1.0,10/12/2021,350
875,837,17,8,1.0,10/12/2021,350
876,838,17,8,1.0,10/12/2021,350
877,839,17,8,1.0,10/12/2021,350
878,840,13,10,1.0,10/12/2021,350
879,841,13,10,1.0,10/12/2021,350
880,842,13,10,1.0,10/12/2021,350
881,843,15,14,1.0,10/12/2021,350
882,844,16,6,1.0,10/12/2021,350
883,845,16,6,1.0,10/12/2021,350
884,846,13,10,1.0,10/12/2021,350
885,847,18,12,2.0,10/12/2021,350
886,848,18,12,1.0,10/12/2021,350
887,849,17,8,1.0,10/12/2021,350
888,850,17,8,1.0,10/12/2021,350
889,851,22,L,1.0,10/12/2021,350
890,852,17,8,1.0,10/12/2021,350
891,853,17,8,1.0,10/12/2021,350
892,854,13,10,1.0,10/12/2021,350
893,855,13,10,1.0,10/12/2021,350
894,856,13,10,1.0,10/12/2021,350
895,857,20,S,1.0,10/12/2021,350
896,858,17,8,1.0,10/12/2021,350
897,859,17,8,1.0,10/12/2021,350
898,860,13,10,1.0,10/12/2021,350
899,861,13,10,1.0,10/12/2021,350
900,862,18,12,1.0,10/12/2021,350
901,863,18,12,1.0,10/12/2021,350
902,864,14,M,1.0,10/12/2021,350
903,865,13,10,1.0,10/12/2021,350
904,866,13,10,1.0,10/12/2021,350
905,867,13,10,1.0,10/12/2021,350
906,868,13,10,1.0,10/12/2021,350
907,869,14,M,1.0,10/12/2021,350
908,870,17,8,1.0,10/12/2021,350
909,871,17,8,1.0,10/12/2021,350
910,872,13,10,1.0,10/12/2021,350
911,873,15,14,1.0,10/12/2021,350
912,874,15,14,1.0,10/12/2021,350
913,875,18,12,1.0,10/12/2021,350
914,876,15,14,1.0,10/12/2021,350
915,877,13,10,1.0,10/12/2021,350
916,878,21,16,1.0,10/12/2021,350
917,879,13,10,1.0,10/12/2021,350
918,880,18,12,1.0,10/12/2021,350
919,881,18,12,1.0,10/12/2021,350
920,882,21,16,1.0,10/12/2021,350
921,883,13,10,1.0,10/12/2021,350
922,884,18,12,1.0,10/12/2021,350
923,885,18,12,1.0,10/12/2021,350
924,886,18,12,1.0,10/12/2021,350
925,887,18,12,1.0,10/12/2021,350
926,888,18,12,1.0,10/12/2021,350
927,889,21,16,1.0,10/12/2021,350
928,890,21,16,1.0,10/12/2021,350
929,891,22,L,1.0,10/12/2021,350
930,892,18,12,1.0,10/12/2021,350
931,893,18,12,1.0,10/12/2021,350
932,894,15,14,1.0,10/12/2021,350
933,895,21,16,1.0,10/12/2021,350
934,896,14,M,1.0,10/12/2021,350
935,897,23,4,1.0,10/12/2021,350
936,898,23,4,1.0,10/12/2021,350
937,899,16,6,1.0,10/12/2021,350
938,900,17,8,1.0,10/12/2021,350
939,901,16,6,1.0,10/12/2021,350
940,902,16,6,1.0,10/12/2021,350
941,903,16,6,1.0,10/12/2021,350
942,904,16,6,1.0,10/12/2021,350
943,905,16,6,1.0,10/12/2021,350
944,906,16,6,1.0,10/12/2021,350
945,907,16,6,1.0,10/12/2021,350
946,908,16,6,1.0,10/12/2021,350
947,909,16,6,1.0,10/12/2021,350
948,910,16,6,1.0,10/12/2021,350
949,911,16,6,1.0,10/12/2021,350
950,912,16,6,1.0,10/12/2021,350
951,913,16,6,1.0,10/12/2021,350
952,914,17,8,1.0,10/12/2021,350
953,915,17,8,1.0,10/12/2021,350
954,916,17,8,1.0,10/12/2021,350
955,917,17,8,1.0,10/12/2021,350
956,918,13,10,2.0,10/12/2021,350
957,919,13,10,1.0,10/12/2021,350
958,920,13,10,1.0,10/12/2021,350
959,921,22,L,1.0,10/12/2021,350
